{"accuracy": 0.9644670050761421, "precision": 0.9651123552205272, "recall": 0.9644670050761421, "f1": 0.9643854159423313}